source,target
RadjaAdhi1,Kemhan_RI
Kemhan_RI,RadjaAdhi1
RadjaAdhi1,prabowo
prabowo,RadjaAdhi1
BaimGantenk,DheaMerlinda 
JKDaulay,hilmy_elhasan
arjunakiriti,bangzul_88
Imam32778967,CintaNKRI08
CintaNKRI08,Imam32778967
ElenaaleeLee,RizmaWidiono
MbahSyong,Gerindra
Gerindra,MbahSyong
HadiAdi28,_______B1G__k4y
_______B1G__k4y,HadiAdi28
JKDaulay,davitttts
Takirosopo,HeriBassista
JKDaulay,prabowo
prabowo,JKDaulay
CitraAsyanti,Gerindra
Gerindra,CitraAsyanti
aisarzakyalamin,bangzul_88
kepodangkuning,prabowo
prabowo,kepodangkuning
zowiedz,Boemi_Pertiwi12
zaenalkase03,bangzul_88
prytnma,JKDaulay
kopigulamerah,CintaNKRI08
CintaNKRI08,kopigulamerah
cici_1945,Prabowo
Prabowo,cici_1945
ditriarieli44,mohmahfudmd
mohmahfudmd,ditriarieli44
Indra2127,Rio_Ramabaskara
cath_mw,prabowo
prabowo,cath_mw
bungaalestari7,Sudewo20
Ardiawa72290185,DheaMerlinda
R_Komay,prabowo
prabowo,R_Komay
CA91786,bangzul_88
OrangDe20608838,bangzul_88
BinMarji,Kata_Hatiku88
winiarno,detikcom
detikcom,winiarno
mohanzohana,prabowo
prabowo,mohanzohana
YgGregory,Gerindra
Gerindra,YgGregory
Dbek97743222,translatorbali
translatorbali,RizmaWidiono
Gulai_puyu,jokowi
jokowi,Gulai_puyu
translatorbali,Zulkifllubis71
Zulkifllubis71,translatorbali
ragilsaputra645,BertemanM
BertemanM,ragilsaputra645
TeukuKhalil,Maulinaantika3
Abudiman20,Prabowo
Prabowo,Abudiman20
dedijalaludin4,OchaSian
JKDaulay,Kata_Hatiku88
TMustcho,POTUS
POTUS,TMustcho
WestTimor,CintaNKRI08
CintaNKRI08,WestTimor
NovaMelinda15,prabowo
prabowo,NovaMelinda15
Maulinaantika3,sy4msuI
JKDaulay,Gerindra
Gerindra,JKDaulay
vcar1982,NongNayara
NongNayara,vcar1982
trijauhari,didi_septrianto
didi_septrianto,trijauhari
haikal_hassan,NongNayara
Rightsidefirst,conan_idn
Satir76,prabowo
jarbluesky,Kata_Hatiku88
amru_rohman,prabowo
prabowo,amru_rohman
kosa_utama,RamadhanNasta
RamadhanNasta,kosa_utama
ETrihantono,mas__piyuuu
mas__piyuuu,ETrihantono
rudidarmawan09,Kata_Hatiku88
umar_honda,Kata_Hatiku88
ubayalbantani3,jokowi
jokowi,ubayalbantani3
marthacristy5,JKDaulay
sy4msuI,prabowo
prabowo,sy4msuI
rizkycandra34,bangzul_88
Airin_NZ,RizmaWidiono
wridwan01,Ra_Ria_Rana
Ra_Ria_Rana,wridwan01
RikaMulyatiSar2,bangzul_88
ingga271078,DheaMerlinda
RekiDatuak,bangzul_88
ingga271078,DheaMerlinda
MasfarGazali,Kata_Hatiku88
VanGarut,dr_koko28
dr_koko28,VanGarut
mrahmatono,DheaMerlinda
MuhammadFabio20,TeqillaSunrice1
MasihYGKemarin,___Ghostababil_
___Ghostababil_,MasihYGKemarin
Thiwuul,TeqillaSunrice1
MasihYGKemarin,TeqillaSunrice1
MasihYGKemarin,NongNayara
NongNayara,MasihYGKemarin
cebong_hunter,TeqillaSunrice1
MasihYGKemarin,fauzan_yayat
wridwan01,TeqillaSunrice1
MasihYGKemarin,bangzul_88
MasihYGKemarin,___Katrina__S
___Katrina__S,MasihYGKemarin
AgumJayaR,prabowo
prabowo,AgumJayaR
prabowo,AgumJayaR
marshaayue,CintaNKRI08
CintaNKRI08,marshaayue
GugunRiady,Prabowo
Prabowo,GugunRiady
MinaKartiva,JKDaulay
nugrosir,ronavioleta
ronavioleta,nugrosir
SamsoelAlam,DheaMerlinda
cebong_hunter,RizmaWidiono
rrdewok,prabowo
prabowo,rrdewok
MSukiyan,bangzul_88
Darmalik3,CintaNKRI08
CintaNKRI08,Darmalik3
subiono26,Prabowo
Prabowo,subiono26
melindaraunie1,NongNayara
NongNayara,melindaraunie1
MasifMedia,Kata_Hatiku88
RickoRahmat3,bangzul_88
EkaAl_Rasyid,DheaMerlinda
Yossabram,Kata_Hatiku88
ZinpackZen,RizmaWidiono
AEPishere,FerdinandHaean2
FerdinandHaean2,AEPishere
ipungelaja,bangzul_88
TeqillaSunrice1,Maulinaantika3
Rakyat_OP05151,Maulinaantika3
basoamir,JoRiky
JoRiky,basoamir
kiasarih,NongNayara
NongNayara,kiasarih
Edipurw61113168,elHurryKoRn
elHurryKoRn,Edipurw61113168
MrHartono2,prabowo
prabowo,MrHartono2
KalaBudi1,DheaMerlinda
Arie26Ahmad,Kemhan_RI
Kemhan_RI,Arie26Ahmad
RezaWtp,Prabowo
Prabowo,RezaWtp
PutriFerenisa,Gerindra
Gerindra,PutriFerenisa
sasauw_nelson,bangzul_88
TeqillaSunrice1,bangzul_88
MajediIlham,translatorbali
TeqillaSunrice1,Aryprasetyo85
Aryprasetyo85,TeqillaSunrice1
translatorbali,jokowi
jokowi,translatorbali
luaysyhab,bangzul_88
translatorbali,Prabowo
Prabowo,translatorbali
jinarsaskara,JKDaulay
nor_fitriah,DheaMerlinda
InsomniaMan1,RizmaWidiono
rudiabdedey,kenmiryam
nuinugraha,Kata_Hatiku88
zarazettirazr,prabowo
prabowo,zarazettirazr
ncekmadur,RizmaWidiono
ardi_riau2,prabowo
prabowo,ardi_riau2
LanangJ98488522,Prabowo
Prabowo,LanangJ98488522
burungpombo,DadaDk4
RenaldiUsmani,DheaMerlinda
Cut3P4nd4,DheaMerlinda
MasfarGazali,bangzul_88
johnhendri2016,prabowo
prabowo,johnhendri2016
TeqillaSunrice1,___Ghostababil_
___Ghostababil_,TeqillaSunrice1
nuraliaamir,Kata_Hatiku88
RNulyana,DheaMerlinda
Junaedi03388479,prabowo
prabowo,Junaedi03388479
ImamBukhori7701,prabowo
prabowo,ImamBukhori7701
Musliad22476156,prabowo
prabowo,Musliad22476156
Musliad22476156,Prabowo
Prabowo,Musliad22476156
BudiAgungSireg1,kenmiryam
milanda_rahayu,Kata_Hatiku88
luviku,Kemhan_RI
Kemhan_RI,luviku
nur_zarkasi,DheaMerlinda
taufikakbarzakk,prabowo
prabowo,taufikakbarzakk
alfhatpit,V3lias
V3lias,alfhatpit
kintannoviani2,bangzul_88
ulahnyandung34,prabowo
,
TeqillaSunrice1,prabowo
prabowo,TeqillaSunrice1
kenmiryam,Gerindra
Gerindra,kenmiryam
natali_septiani,SehinggaRudi
SehinggaRudi,natali_septiani
fmiqdaddd,Kemhan_RI
Kemhan_RI,fmiqdaddd
ibram_este,Frdhrth
Frdhrth,ibram_este
JuwitaBrice,bangzul_88
ahmdshauqi,RizmaWidiono
joe_awang,bangzul_88
HarsusenoM,Gerindra
Gerindra,HarsusenoM
NCahyo51,___Ghostababil_
___Ghostababil_,NCahyo51
sasauw_nelson,DheaMerlinda
VanGarut,Maulinaantika3
CHAPILA4,JKDaulay
syarifjogja,Boemi_Pertiwi12
ArtiHar,Kata_Hatiku88
azhim_prince,Prabowo
Prabowo,azhim_prince
JayaNasih,bangzul_88
lailamo94329649,Kata_Hatiku88
TeqillaSunrice1,___Ghostababil_
___Ghostababil_,TeqillaSunrice1
Santo_Amora,NongNayara
NongNayara,Santo_Amora
Serabie,DadaDk4
YaTaqwa83,Prabowo
Prabowo,YaTaqwa83
Gwebangets____,NongNayara
NongNayara,Gwebangets____
maulanalana90,NongNayara
NongNayara,maulanalana90
DaeIm85,RMondrokumoro
RMondrokumoro,DaeIm85
Bambang9222,bangzul_88
AlmaricJ,conan_idn
Dwi81127236,Gerindra
Gerindra,Dwi81127236
Maedihu,Kemhan_RI
Kemhan_RI,Maedihu
HeriSahaja1,Aryprasetyo85
Aryprasetyo85,HeriSahaja1
AlmaricJ,bangzul_88
cintada17,Kata_Hatiku88
Dwi81127236,Gerindra
Gerindra,Dwi81127236
DedenMulyaS,Kata_Hatiku88
sasauw_nelson,Gerindra
Gerindra,sasauw_nelson
bela_bangsa_ini,___Ghostababil_
___Ghostababil_,bela_bangsa_ini
IvelineDB,Prabowo
Prabowo,IvelineDB
Mahameru2015,bangzul_88
P_Putraa99,SandraUnie
RaspatiTata,bangzul_88
enambelas_27,bangzul_88
sipooer,Dennysiregar7:
Dennysiregar7:,sipooer
donny_andrea,Kata_Hatiku88
SitiSnuraeni475,RizmaWidiono
MukhlisOvic,Dennysiregar7
Dennysiregar7,MukhlisOvic
abique_abimanyu,habibthink
habibthink,abique_abimanyu
SitiSnuraeni475,MSApunya
MSApunya,SitiSnuraeni475
iamtheotarigan,Kata_Hatiku88
qiuoposisi,bangzul_88
sipooer,Kemhan_RI
Kemhan_RI,sipooer
qosyim_rosidy,Dennysiregar7
Dennysiregar7,qosyim_rosidy
MasbroEmbroide1,Gerindra
Gerindra,MasbroEmbroide1
SitiSnuraeni475,JoRiky
JoRiky,SitiSnuraeni475
mjet55710570,MelayuSejahtera
MelayuSejahtera,mjet55710570
momilthecat27,Dennysiregar7
Dennysiregar7,momilthecat27
DaVit33311719,RizmaWidiono
SitiSnuraeni475,prabowo
prabowo,SitiSnuraeni475
Joe41563488,RizmaWidiono
Chandranegara,prabowo
prabowo,Chandranegara
owengerrad88,prabowo
prabowo,owengerrad88
rinjaniagustin2,JKDaulay
DheaMerlinda,kumparan
OchaSian,sejak bandela
sejak bandela,OchaSian
AgemLehun,RizmaWidiono
Gprasetya22,Gerindra
Gerindra,Gprasetya22
rafikaidnriyan1,Gerindra
Gerindra,rafikaidnriyan1
Putra_Sulteng,prabowo
prabowo,Putra_Sulteng
YaTaqwa83,prabowo
prabowo,YaTaqwa83
rudyawok1,Dennysiregar7
Dennysiregar7,rudyawok1
rafisqydavian1,RizmaWidiono
DadaDk4,bangzul_88
SitiSnuraeni475,Dennysiregar7
Dennysiregar7,SitiSnuraeni475
Ari3Pras,bangzul_88
zenkdelya,RizmaWidiono
SitiSnuraeni475,Dennysiregar7
Dennysiregar7,SitiSnuraeni475
rifqimaudy10,bangzul_88
GoTotheJek,edo_macho
SitiSnuraeni475,edo_macho
SydSalesman,kangdede78
kangdede78,SydSalesman
FPurwatmo,RizmaWidiono
FPurwatmo,cumaakunku
cumaakunku,FPurwatmo
Alitingting2,Kata_Hatiku88
AnwarZaid13,JKDaulay
alexblck,habibthink
habibthink,alexblck
Sonyrony2,zigit_rahadi
zigit_rahadi,Sonyrony2
aliayayah,Rowi92501495
WahyuRPR,conan_idn
alexblck,prabowo
prabowo,alexblck
FastSoftwarez,NongNayara
NongNayara,FastSoftwarez
rizal9973,Prabowo
Prabowo,rizal9973
RamaAgus15,Kata_Hatiku88
AchmadDjamil7,Spectator210
NikenParamitha5,prabowo
prabowo,NikenParamitha5
nilaambara87,prabowo
prabowo,nilaambara87
saefudin_zuhrii,Gerindra
Gerindra,saefudin_zuhrii
Rio_Ramabaskara,bangzul_88
kandayan,DheaMerlinda
Lily21670477,RizmaWidiono
HerlyansahEdria,ragiliman2
ragiliman2,HerlyansahEdria
rang_simabua,conan_idn
cara14cheer,Gerindra
Gerindra,cara14cheer
galihindrawands,bangzul_88
DanielSentanu,bangzul_88
TsTsp71,DheaMerlinda
jatmikoWwidodo,bangzul_88
Tasya37801553,JKDaulay
DjideAmri,RizmaWidiono
hifzankoto,Kata_Hatiku88
Jeffrie_rhs,alysap_
alysap_,Jeffrie_rhs
MasCEPUK,RizmaWidiono
sari00925317,bangzul_88
Dewidaffa8,KATADATAcoid
KATADATAcoid,Dewidaffa8
SuwarnoCr,JKDaulay
ranggapoejangga,prabowo
prabowo,ranggapoejangga
afiframadhann,wisma_rini
wisma_rini,afiframadhann
lelakimu1818,DheaMerlinda
abimanyu_daffa,Anisa_Segaf
Anisa_Segaf,abimanyu_daffa
Abdi_Rhm,Kata_Hatiku88
bajang15846,Princes288
Princes288,bajang15846
MidoriYuni,prabowo
prabowo,MidoriYuni
DewiIsnaini18,BuednextRama
BuednextRama,DewiIsnaini18
Alfaris25164390,DheaMerlinda
_saskia_luna_,r036_r
ngonlain,RizmaWidiono
VanOriginal1,RizmaWidiono
frida_rahardjo,dr_koko28
dr_koko28,frida_rahardjo
MASHURI1966,RizmaWidiono
ummychasan,AriestaRiico
AriestaRiico,ummychasan
Sumiyat53255125,Kata_Hatiku88
MASHURI1966,NongNayara
NongNayara,MASHURI1966
Openmind_yok,mazmaulan4
mazmaulan4,Openmind_yok
VanOriginal1,Kata_Hatiku88
walian76,conan_idn
denmassar,OPOS1S1
OPOS1S1,denmassar
walian76,Kata_Hatiku88
palbapang1,fauzihidayat99
HeriSahaja1,Gerindra
Gerindra,HeriSahaja1
MTimur2000,TitiekSoeharto
TitiekSoeharto,MTimur2000
jatayu39290613,RizmaWidiono
crudoulf,RizmaWidiono
songbledek,7brn_
guhendulenlove,mas__piyuuu
mas__piyuuu,guhendulenlove
SiMomokawaii,RizmaWidiono
HermantoBenkz,RizmaWidiono
AbolichdZ,Gerindra
Gerindra,AbolichdZ
Alfian54449262,RizmaWidiono
YoyokRahayuBasu,fauzan_yayat
sunda_wiwitan,RizmaWidiono
Alfian54449262,r036_r
jatayu39290613,prabowo
prabowo,jatayu39290613
HermantoBenkz,RizmaWidiono
jatayu39290613,DheaMerlinda
hariswaluyo4,bangzul_88
Sifudan_mora,JKDaulay
iyang88,Prabowo
Prabowo,iyang88
r036_r,Gerindra
Gerindra,r036_r
oppie30560071,Kemhan_RI
Kemhan_RI,oppie30560071
fauzan_yayat,Kata_Hatiku88
gudetamapikachu,CintaNKRI08
CintaNKRI08,gudetamapikachu
nden_baguse,conan_idn
uganprayoga,Kemhan_RI
Kemhan_RI,uganprayoga
abe46680247,DheaMerlinda
MuslikhMohamad,Prabowo
Prabowo,MuslikhMohamad
UwaisAl33713167,bangzul_88
abe46680247,prabowo
prabowo,abe46680247
fauzihidayat99,bangzul_88
r036_r,RizmaWidiono
ainrika1,Kata_Hatiku88
Iswandi22775604,RizmaWidiono
gus_al_diajie,CintaNKRI08
CintaNKRI08,gus_al_diajie
BunnyPositively,Kata_Hatiku88
ogie_hernoko,prabowo
prabowo,ogie_hernoko
trijauhari,bangzul_88
newcame13,NongNayara
NongNayara,newcame13
JaasirFahlefi,RizmaWidiono
Airin_NZ,bangzul_88
exsub1,Kata_Hatiku88
asherpra,Prabowo
Prabowo,asherpra
cintada17,Kata_Hatiku88
Ardi85365797,JKDaulay
heruusamporno09,Kata_Hatiku88
sutanakhir,Kata_Hatiku88
Aldiasman,r036_r
Doni_ardo,RizmaWidiono
Sudewo20,prabowo
prabowo,Sudewo20
RizmaWidiono,RizmaWidiono
r036_r,Kata_Hatiku88
johansa28753225,prabowo
prabowo,johansa28753225
r036_r,bangzul_88
Akhmad2000,Prabowo
Prabowo,Akhmad2000
DaudRitonga,NongNayara
NongNayara,DaudRitonga
GusMiko1,___Ghostababil_
___Ghostababil_,GusMiko1
ibnugunawan211,RizmaWidiono
ker_asa,conan_idn
vitta_mangelep,bangzul_88
dehadaud,prabowo
prabowo,dehadaud
Afr1or1,romeo0941g
ibnul_munir,sirnajati19
fitriya43709022,prabowo
prabowo,fitriya43709022
subi508,CintaNKRI08
CintaNKRI08,subi508
sarmus09,conan_idn
AkuHamidYa1,Kata_Hatiku88
Twuryanto1,___Ghostababil_
___Ghostababil_,Twuryanto1
ibnudona,RizmaWidiono
whiterider08,prabowo
prabowo,whiterider08
DiniMuliani,RizmaWidiono
owibukanowo,RizmaWidiono
JihanKafilah,bangzul_88
sirnajati19,Kata_Hatiku88
dehadaud,RizmaWidiono
YohanesPatty2,prabowo
prabowo,YohanesPatty2
yuliaariani1,CintaNKRI08
CintaNKRI08,yuliaariani1
bangzul_88,MagdalenaAyesh1
MagdalenaAyesh1,bangzul_88
Sumarwoto18,Kata_Hatiku88
HrpUlfa,conan_idn
lanunatuna,Gerindra
Gerindra,lanunatuna
WahyuSudiro7,sejak _bandela
sejak_ bandela,WahyuSudiro7
ElsaMartina2,bangzul_88
BahrunKarim,conan_idn
fazirahII,JKDaulay
LuwitaEmilly878,prabowo
prabowo,LuwitaEmilly878
yoeandha01,RizmaWidiono
WidyanataT,MTuhasan
hamdanputra16,Kata_Hatiku88
Sibayak86,RizmaWidiono
jatayu39290613,prabowo
prabowo,jatayu39290613
dian84601691,prabowo
prabowo,dian84601691
SUYONO_NEW,RizmaWidiono
jokon2009,RizmaWidiono
HanafiAbizar,bangzul_88
5Y5_one_70,FerdinandHaean2
Endarto59769219,RizmaWidiono
Nouna_jessica94,RizmaWidiono
sultanalfathir,carolinaputeri
sarmus09,BuuloloArianto
taufikakbarzakk,bangzul_88
firajatmika,Kata_Hatiku88
firajatmika,CintaNKRI08
CintaNKRI08,firajatmika
Ryan980t0nG,Sumarwoto18
rudiabdedey,Gerindra
Gerindra,rudiabdedey
maharprastowo,prabowo
prabowo,maharprastowo
jatayu39290613,___Ghostababil_
___Ghostababil_,jatayu39290613
sonnysetia,bangzul_88
info4marwan,bangzul_88
SBuana81,RizmaWidiono
UwaisAl33713167,Gerindra
Gerindra,UwaisAl33713167
Yanto78537100,RizmaWidiono
Je_Ly,bangzul_88
stevansixciokre,RizmaWidiono
MTuhasan,Gerindra
Gerindra,MTuhasan
purbanasrun,Gerindra
Gerindra,purbanasrun
Andreasady666,Kata_Hatiku88
vabulousveby,bangzul_88
stevansixciokre,bangzul_88
Erik_Alfredo5,RizmaWidiono
Andreasady666,carolinaputeri
Sumarwoto18,DheaMerlinda
AntokPrinter,CintaNKRI08
CintaNKRI08,AntokPrinter
januarrahardian,Kata_Hatiku88
romeo0941g,___Ghostababil_
___Ghostababil_,romeo0941g
Fadil38579039,bangzul_88
MeccaSafeeya,bangzul_88
Fadil38579039,___Ghostababil_
___Ghostababil_,Fadil38579039
CeriaSinom,bangzul_88
Kang_Ojekk,RizmaWidiono
vhynechi_falala,BuuloloArianto
BuuloloArianto,vhynechi_falala
KOSONG__KOSONG_,OPOS1S1
OPOS1S1,KOSONG__KOSONG_
knotcatcher,bangzul_88
januarrahardian,RizmaWidiono
Pencari99163971,Gerindra
sigit_kanseno,RizmaWidiono
Jeffrie_rhs,RizmaWidiono
Hans74661334,prabowo
prabowo,Hans74661334
wawan_therockz,CintaNKRI08
CintaNKRI08,wawan_therockz
Aiek__Yaa,Aiek__Yaa
Aiek__Yaa,Aiek__Yaa
chandraah3,Kata_Hatiku88
hosa15,7brn_
bobby_paribowo,prabowo
prabowo,bobby_paribowo
nurvatmazainan1,BuuloloArianto
BuuloloArianto,nurvatmazainan1
joni_DDP,bangzul_88
BobbyNasution7,RizmaWidiono
karenfrederica1,prabowo
prabowo,karenfrederica1
Arif_Bijksn,RizmaWidion
RizmaWidion,Arif_Bijksn
Dhik76984231,bangzul_88
marta_gunawa682,h2obodywork
rubiavianto,DheaMerlinda
AbimanyuWistara,bangzul_88
Zahrapay1,bangzul_88
YuliaIsQueen1,bangzul_88
Sifudan_mora,DheaMerlinda
frida_rahardjo,prabowo
prabowo,frida_rahardjo
bangka_urang,Kata_Hatiku88
Cahyadi_refa,Prabowo
FajriMahendra4,bangzul_88
ERamdanni,DheaMerlinda
dadan_wirasena4,bangzul_88
sayhidayat3,bangzul_88
amru_rohman,lazarus_omar
iskanda80893534,bantoro29_
rubiavianto,OPOS1S1
lazarus_omar,bangzul_88
Xyzabc25167290,mas__piyuuu
AmrilLalu,JKDaulay
Sumarwoto18,Kata_Hatiku88
Dewie34292319,berteman_
berteman_,Dewie34292319
jatayu39290613,Kata_Hatiku88
zulhendribasri2,Tilapia_NYC
MDeva909,Gerindra
Gerindra,MDeva909
NalarDanLogika,Semenjak Pak Prabowo
Semenjak Pak Prabowo,NalarDanLogika
Tilapia_NYC,bangzul_88
mrdumais,Kemhan_RI
Kemhan_RI,mrdumais
faisaalak,bangzul_88
abdullah_fahrud,bangzul_88
Tilapia_NYC,Kemhan_RI
Kemhan_RI,Tilapia_NYC
yvonetandiarak,prabowo
prabowo,yvonetandiarak
himawannk,RizmaWidiono
EdiSuci01197558,conan_idn
BayuHermanto17,KomnasHAM
KomnasHAM,BayuHermanto17
7intaPutih,h2obodywork
wis_wayahe,RizmaWidiono
wibisono1,bangzul_88
navieonline,RizmaWidiono
R_GUN4W4N,Prabowo
Prabowo,R_GUN4W4N
Lily_Raimun,RizmaWidiono
ingga271078,bangzul_88
Dikaradiyan2,DheaMerlinda
HPeridia,RizmaWidiono
ummychasan,bangzul_88
Happy7ooss,RizmaWidiono
syifaz1994,prabowo
prabowo,syifaz1994
ummychasan,jonatwijaya
ingga271078,bangzul_88
Rowi92501495,conan_idn
nshsAntiHTI,OPOS1S1
OPOS1S1,nshsAntiHTI
SetyaIwan93271,Kata_Hatiku88
luviku,bangzul_88
Fadil38579039,jonatwijaya
HajiAchmad5,oroorodowo04
MTuhasan,RizmaWidiono
RizmaWidiono,RizmaWidiono
RizmaWidiono,Kata_Hatiku88
hamaro_id,bangzul_88
WahabisLokal,___Ghostababil_
___Ghostababil_,WahabisLokal
indunissy_al,bangzul_88
MTuhasan,RizmaWidiono
DjemsDjuni,RizmaWidiono
BTogok,bangzul_88
suprimmmm,bucang6474
bucang6474,suprimmmm
Tilapia_NYC,RizmaWidiono
amirasugionoatu,bangzul_88
marintaneeoezr1,RizmaWidiono
Lily_Raimun,RizmaWidiono
Jazz24632,carolinaputeri
hamaro_id,bangzul_88
marzukiuki,Kata_Hatiku88
ruditamtama1,bangzul_88
hamaro_id,RizmaWidiono
kanaya_kusuma,bangzul_88
ngonlain,7brn_
jonatwijaya,conan_idn
AnwarZaid13,RizmaWidiono
Robert__Moses,RizmaWidiono
lazarus_omar,bangzul_88
frida_rahardjo,RizmaWidiono
suprimmmm,SandraUnie
PapuaRegion,detikcom
detikcom,PapuaRegion
oroorodowo04,RizmaWidiono
winarto_sarsidi,7brn_
kamsidi_alex,Kata_Hatiku88
_A_X_A_85,RizmaWidiono
Robert__Moses,NongNayara
NongNayara,Robert__Moses
AyubeeB,DheaMerlinda
7brn_,bangzul_88
7brn_,BuuloloArianto
BuuloloArianto,7brn_
didienAZHAR,RizmaWidiono
suminahahmd,prabowo
prabowo,suminahahmd
Abdurah39009797,RizmaWidiono
ruditamtama1,___Ghostababil_
___Ghostababil_,ruditamtama1
anthoniuschris2,tempodotco
tempodotco,anthoniuschris2
GurrWulan,prabowo
prabowo,GurrWulan
Robert__Moses,RizmaWidiono
ni_felly,NeryanaA
cuanbaksit,Abdulssomadfans
Abdulssomadfans,cuanbaksit
YoezarZ,bangzul_88
Robert__Moses,Gerindra
Gerindra,Robert__Moses
Robert__Moses,Prabowo
Prabowo,Robert__Moses
Mutun11,CintaNKRI08
CintaNKRI08,Mutun11
BudiRahadian5,bangzul_88
reconWaRRioRs,bangzul_88
RizmaWidiono,bangzul_88
AfifRajo,bangzul_88
jendel44rk4,carolinaputeri
7intaPutih,bangzul_88
ileeeenk,prabowo
prabowo,ileeeenk
jendel44rk4,Gerindra
Gerindra,jendel44rk4
feminadora1,bangzul_88
RandyWakyeng,Prabowo
Prabowo,RandyWakyeng
ResyaOktaviani1,JKDaulay
RiswanHaris212,Kemhan_RI
Kemhan_RI,RiswanHaris212
antakara_86,bangzul_88
JasminSendy,JKDaulay
edo_macho,bangzul_88
TipsKesehatan11,bangzul_88
BayuajiRobin,Kata_Hatiku88
edo_macho,bangzul_88
Robert__Moses,bangzul_88
wennvar,Kata_Hatiku88
Pencari99163971,prabowo
prabowo,Pencari99163971
Robert__Moses,_______B1G__k4y
_______B1G__k4y,Robert__Moses
tjhinfar21,Kata_Hatiku88
ItaFebrianti13,Kata_Hatiku88
bangzul_88,Kemhan_RI
Kemhan_RI,bangzul_88
HasanudinMohamd,BuuloloArianto
BuuloloArianto,HasanudinMohamd
MissWrongTypo,EDitektif
EDitektif,MissWrongTypo
ini_nano,bangzul_88
IwanSet24276787,jokowi
jokowi,IwanSet24276787
citraarsana,SahabatSaber
SahabatSaber,citraarsana
AmarSaifudin,conan_idn
Robert__Moses,Kemhan_RI
Kemhan_RI,Robert__Moses
rajawaliasia09,Prabowo
Prabowo,rajawaliasia09
l3p15,bangzul_88
Rajadero1,Gerindra
Gerindra,Rajadero1
TuwittB,Kata_Hatiku88
NeryanaA,Kata_Hatiku88
AnwarZaid13,prabowo
prabowo,AnwarZaid13
MobilButut2019,bangzul_88
gendul17,SudionoTambun
lumpuraktif,_______B1G__k4y
_______B1G__k4y,lumpuraktif
AzurraTiara,Kemhan_RI
Kemhan_RI,AzurraTiara
Durangorantokan,prabowo
prabowo,Durangorantokan
AbolichdZ,jokowi
jokowi,AbolichdZ
HasanudinMohamd,Kata_Hatiku88
twonno,carolinaputeri
pramdtya,Semenjak Pak Prabowo
Semenjak Pak Prabowo,pramdtya
indeArchipel,prabowo
prabowo,indeArchipel
kangadang1,jokowi
jokowi,kangadang1
citraarsana,NongNayara
NongNayara,citraarsana
EkoSetiaddi,Kemhan_RI
Kemhan_RI,EkoSetiaddi
conan_idn,kumparan
indeArchipel,Jujur002
Fahrie_fahrial,DheaMerlinda
TuwittB,Kata_Hatiku88
AMukhaer,ridlwandjogja
ridlwandjogja,AMukhaer
ambarwatidyahs,jokowi
jokowi,ambarwatidyahs
NalarDanLogika,NongNayara
NongNayara,NalarDanLogika
FirmanW52217544,conan_idn
MasifMedia,prabowo
prabowo,MasifMedia
indeArchipel,jokowi
jokowi,jokowi
nyakilham,Boemi_Pertiwi12
pandabul4t,DheaMerlinda
EngkasHasbi,Gerindra
Gerindra,EngkasHasbi
indeArchipel,jokowi
jokowi,indeArchipel
Ze_sukma,ambarwatidyahs
mentarirais,prabowo
prabowo,mentarirais
pangaraya4,Joni98940293
Joni98940293,pangaraya4
indeArchipel,jokowi
jokowi,indeArchipel
Jujur002,Kata_Hatiku88
AyundiKetrin,Gerindra
Gerindra,AyundiKetrin
mickby,Kata_Hatiku88
indeArchipel,Kata_Hatiku88
idithea,Kata_Hatiku88
bakti249,NongNayara
NongNayara,bakti249
bang_qfly,Gerindra
Gerindra,bang_qfly
Mrmarshall_rama,Gerindra
Gerindra,Mrmarshall_rama
roedi_hermant,prabowo
prabowo,roedi_hermant
AyubeeB,Gerindra
Gerindra,AyubeeB
achdanSd,Prabowo
Prabowo,achdanSd
reconWaRRioRs,Princes288
Princes288,reconWaRRioRs
pratamas_adi,Gerindra
Gerindra,pratamas_adi
J4ck_Pipp0,Boemi_Pertiwi12
AlainiNeasha,NongNayara
NongNayara,AlainiNeasha
SBuana81,Kata_Hatiku88
luviku,___Ghostababil_
___Ghostababil_,luviku
Grand_Light88,Kemhan_RI
Kemhan_RI,Grand_Light88
iirmia84,NongNayara
NongNayara,iirmia84
ikiziuz,prabowo
prabowo,ikiziuz
rakyadi,Gerindra
Gerindra,rakyadi
halo_agrobisnis,bangzul_88
TuwittB,conan_idn
AndiGusnandar,TitiekSoeharto
TitiekSoeharto,AndiGusnandar
jasmevcebong,conan_idn
TSlepet,OPOS1S1
OPOS1S1,TSlepet
rifronny,Dari slof prabowo
Dari slof prabowo,rifronny
waonesuarez,damaw71_
damaw71_,waonesuarez
EngIngEng1469,DheaMerlinda
ronny_forever,nucare_lazisnu
nucare_lazisnu,ronny_forever
KirenSalsabila,Kata_Hatiku88
ncekmadur,Putrra34866780
Putrra34866780,ncekmadur
JaNiraku,Prabowo
Prabowo,JaNiraku
Falah_Riedl,damaw71_
damaw71_,Falah_Riedl
LisaAmartatara3,prabowo
prabowo,LisaAmartatara3
agussug92921120,Kata_Hatiku88
RiantiAprilia8,Gerindra
Gerindra,RiantiAprilia8
ncekmadur,JKDaulay
sulastri_nena,7brn_
NovriyantoYanto,Jusca07538974
afa45867907,Kata_Hatiku88
astrid_nawari,prabowo
prabowo,astrid_nawari
HumamRasendriy,SandraUnie
TSlepet,JKDaulay
P4ND3_R4j415,___Ghostababil_
___Ghostababil_,P4ND3_R4j415
AdelTinia9,JKDaulay
nadilafazilla,Prabowo
Prabowo,nadilafazilla
NarangNarangi,JKDaulay
HumamRasendriy,DheaMerlinda
EngIngEng1469,Kata_Hatiku88
FPurwatmo,___Ghostababil_
___Ghostababil_,FPurwatmo
IrfanYusran12,Prabowo
Prabowo,IrfanYusran12
n_alfah,CCICPolri
CCICPolri,n_alfah
ryon04,CintaNKRI08
CintaNKRI08,ryon04
jasmevcebong,Ze_sukma
edi_iskandar23,verina_danniss
ahmaddfd1,Kemhan_RI
Kemhan_RI,ahmaddfd1
millenial_ID,Prabowo
Prabowo,millenial_ID
Aliqrom4,Parapat_Nixon
Parapat_Nixon,Aliqrom4
Boemi_Pertiwi12,Boemi_Pertiwi12
TetapPancasila,EnggalPMT
ErikNoviano,DheaMerlinda
DheaMerlinda,ErikNoviano
indahj237,Prabowo
Prabowo,indahj237
Jusca07538974,Kemhan_RI
Kemhan_RI,Jusca07538974
Ze_sukma,prabowo
prabowo,Ze_sukma
Tryto4Get,prabowo
Rozi_Handri,ronavioleta
ronavioleta,Rozi_Handri
BohlamhCiyodha,prabowo
prabowo,BohlamhCiyodha
Arlan54032336,___Ghostababil_
___Ghostababil_,Arlan54032336
mhatta_dinata,BertemanM
BertemanM,mhatta_dinata
eko_susilo_3,Prabowo
Prabowo,eko_susilo_3
Alhudahasibuan,Kemhan_RI
Kemhan_RI,Alhudahasibuan
JohanF35746647,JKDaulay
yhantimiftha,prabowo
prabowo,yhantimiftha
AaDenGun,prabowo
prabowo,AaDenGun
biancalavida1,JKDaulay
AkhmadDimyati13,Jujur002
HPeridia,prabowo
prabowo,HPeridia
armada_yuni,Kemhan_RI
Kemhan_RI,armada_yuni
Sari_JhonPutra,JKDaulay
TSlepet,JKDaulay
ambarwatidyahs,TAMPOMAS7
TAMPOMAS7,ambarwatidyahs
safiramutiara92,JKDaulay
Mas_ervan,MSApunya
MSApunya,Mas_ervan
HeriBassista,Kata_Hatiku88
lilianbih,___Ghostababil_
___Ghostababil_,lilianbih
asrulaziz2,Kemhan_RI
Kemhan_RI,asrulaziz2
achzam_prabu,Kata_Hatiku88
dewa_chaq,Kemhan_RI
Kemhan_RI,dewa_chaq
RDakiri,bangzul_88
Mr____aL,Aryprasetyo85
Aryprasetyo85,Mr____aL
Dodol80195551,GrandisJavaSia
Aldy79589695,ambarwatidyahs
ArieMatondang,Gerindra
Gerindra,ArieMatondang
ndrapray,GrandisJavaSia
athorrr,DheaMerlinda
effendy_seven,prabowo
prabowo,effendy_seven
Jujur002,GrandisJavaSia
agungbudi,MSApunya
MSApunya,agungbudi
P_7brn,prabowo
prabowo,P_7brn
lukman56275934,prabowo
prabowo,lukman56275934
Kata_Hatiku88,P_7brn
ErindaSofi,DheaMerlinda
IkanGariing,JKDaulay
ReniNada1,DheaMerlinda
Rikka19066169,JKDaulay
Robert__Moses,JKDaulay
KincaiRepi,bangzul_88
davitttts,Gerindra
Gerindra,davitttts
RichMan2019,Gerindra
Gerindra,RichMan2019
hapisin_basri,JKDaulay
jjsengui,JKDaulay
ingga271078,JKDaulay
RezyThea,prabowo
prabowo,RezyThea
simkuringporsea,7brn_
hilmy_elhasan,prabowo
prabowo,hilmy_elhasan
Bams_1eng,JKDaulay
Robert__Moses,Kemhan_RI
Kemhan_RI,Robert__Moses
UsmanUswanto,prabowo
prabowo,UsmanUswanto
Robert__Moses,MSApunya
MSApunya,Robert__Moses
MunawarohUly,Gerindra
Gerindra,MunawarohUly
WiwiekIswilardi,P_7brn
Umizubaidah1Umi,___Ghostababil_
___Ghostababil_,Umizubaidah1Umi
WiratmokoYesi,conan_idn
tachbiranto,prabowo
prabowo,tachbiranto
Abdurrahhmannn,Kemhan_RI
Kemhan_RI,Abdurrahhmannn
GrandisJavaSia,bangzul_88
RezyThea,Prabowo
Prabowo,RezyThea
DukeCondet,TofaGarisLurus
MaitasariNanda,MSApunya
MSApunya,MaitasariNanda
ning_jati,MaryanaNunung
CakMugik,prabowo
prabowo,CakMugik
AmruRuf,Kemhan_RI
Kemhan_RI,AmruRuf
fajariw,Prabowo
Prabowo,fajariw
hendriboim12,JKDaulay
eka_dini722,Gerindra
Gerindra,eka_dini722
AmruMarfuah,SandraUnie
gimanaagitu,kangdede78
kangdede78,gimanaagitu
RatnanitaY,JKDaulay
Regazzyx,___Ghostababil_
___Ghostababil_,Regazzyx
rifki________08,GrandisJavaSia
ImronAbahImron,ellstormy
ellstormy,ImronAbahImron
ndrewwolf,Prabowo
Prabowo,ndrewwolf
JokoSus46520969,prabowo
prabowo,JokoSus46520969
Che_Gemini_,Kemhan_RI
Kemhan_RI,Che_Gemini_
P_7brn,AkuHamidYa1
7intaPutih,Kemendagri_RI
Kemendagri_RI,7intaPutih
YeyenDevi,ellstormy
ellstormy,YeyenDevi
SandraUnie,DheaMerlinda
DhaniSantoso,JKDaulay
asa_afghan,prabowo
prabowo,asa_afghan
P_7brn,prabowo
prabowo,P_7brn
MalvaSelena,GrandisJavaSia
Widyo81940574,AkuHamidYa1
cangkir_plastik,Kemendagri_RI
Kemendagri_RI,cangkir_plastik
conan_idn,CintaNKRI08
CintaNKRI08,conan_idn
7brn_,Gerindra
Gerindra,7brn_
asa_afghan,eka_dini722
7brn_,prabowo
prabowo,7brn_
Lennynajwa1,JKDaulay
Hayhanmuvi,MARQUEZ59454550
MaryanaNunung,MSApunya
MSApunya,MaryanaNunung
IvanXdm,DheaMerlinda
wieba_ayu,prabowo
prabowo,wieba_ayu
DediTeulih2016,Dzunnun_
Dzunnun_,DediTeulih2016
echochuspuri,NongNayara
NongNayara,echochuspuri
AndriSa80821426,JKDaulay
vanbucos1,Prabowo
Prabowo,vanbucos1
DickyJuve,bangzul_88
Fauzan_363636,EnggalPMT
EnggalPMT,Fauzan_363636
BasmiKadalGurun,DheaMerlinda
AzharaPutri4,DheaMerlinda
Mybetawi,kumparan
TMustcho,Gerindra
Gerindra,TMustcho
Kusanto8,Gerindra
Gerindra,Kusanto8
Mouza_zild,aniesbaswedan
aniesbaswedan,Mouza_zild
firmaninside,Gerindra
Gerindra,firmaninside
qhusaeni72,qhusaeni72
NongNayara,qhusaeni72
AyraLubis,Gerindra
Gerindra,AyraLubis
Nkrikuindonesi8,MaryanaNunung
Lennynajwa1,CintaNKRI08
CintaNKRI08,Lennynajwa1
nusantara75428,JKDaulay
jaya1perkasa,prabowo I
prabowo I,jaya1perkasa
eka_dini722,JKDaulay
nusantara75428,JKDaulay
ed_tirta,KomengMc
ekanuryanta,haidar_arsyad
DediTeulih2016,armenr77
DediTeulih2016,JKDaulay
jatayu39290613,riberu_ade2
m_kristiand,mohmahfudmd
mohmahfudmd,m_kristiand
m_kristiand,prabowo
prabowo,m_kristiand
MaryanaNunung,prabowo
prabowo,MaryanaNunung
h2obodywork,dr_koko28
dr_koko28,h2obodywork
verina_danniss,TrikoraDwikora
TrikoraDwikora,verina_danniss
PermataSariTat1,prabowo
prabowo,PermataSariTat1
InanGusmawan,Gerindra
Gerindra,InanGusmawan
EndangWinarni9,Kemhan_RI
Kemhan_RI,EndangWinarni9
Jambek14,HonorerP
HonorerP,Jambek14
NurmalaVina,Kemhan_RI
Kemhan_RI,NurmalaVina
b_fjakarta,DheaMerlinda
AntyAstar,h2obodywork
HamuMora,OPOS1S1
OPOS1S1,HamuMora
HAchsyid,SumiyatiHayati
BariKely,KATADATAcoid
KATADATAcoid,BariKely
riberu_ade2,AliaNugraini
AnnaMahdalena4,EnggalPMT
EnggalPMT,AnnaMahdalena4
jatayu39290613,dr_koko28
dr_koko28,jatayu39290613
ekurnia82,prabowo
prabowo,ekurnia82
jatayu39290613,DheaMerlinda
Adiyounggouners,JKDaulay
ChokiRazy,NongNayara
NongNayara,ChokiRazy
andikolut,TofaGarisLurus
Hardian86Didin,TofaGarisLurus
faini1017,prabowo
prabowo,faini1017
Pejanta14963352,jokowi
jokowi,Pejanta14963352
p3div,Prabowo
Prabowo,p3div
indrylavenia,TofaGarisLurus
yudirahman_____,bangzul_88
dindaputri113,MARQUEZ59454550
kentshoes,prabowo
prabowo,kentshoes
kusumovina,JKDaulay
Elmayora3,JKDaulay
MamahRinaa,Kemhan_RIÔÇª
Kemhan_RIÔÇª,MamahRinaa
larasat53224130,Prabowo
Prabowo,larasat53224130
alieeffputra,ridlwandjogja
ridlwandjogja,alieeffputra
Arl_inc,bangzul_88
DestiaAsri,prabowo
prabowo,DestiaAsri
papamidnite_,republikaonline
republikaonline,papamidnite_
SagaSantorini,JKDaulay
AfifahAwesome,Kemhan_RI
Kemhan_RI,AfifahAwesome
wan_barbarian,prabowo
prabowo,wan_barbarian
eka_dini722,Prabowo
Prabowo,eka_dini722
HumairaNurry,jokowi
jokowi,HumairaNurry
MoelPiliang,Gerindra
Gerindra,MoelPiliang
AldiNug73873376,conan_idn
yudirahman_____,Kemenag_RI
Kemenag_RI,yudirahman_____
TWardanny,Gerindra
Gerindra,TWardanny
TerongU72356816,JKDaulay
SutrisnoPradja,RiskhaAmalia_
RiskhaAmalia_,SutrisnoPradja
HannaSavira1,kumparan
MartinPakpahan7,om_iswdg
om_iswdg,MartinPakpahan7
sophianewtonjon,bangzul_88
Safii_jokamrs,DheaMerlinda
IBNUMUKLIS3,Prabowo
Prabowo,IBNUMUKLIS3
Khoir_Muhammad,jokowi
jokowi,Khoir_Muhammad
samad_hiola,Prabowo
Prabowo,samad_hiola
OpickRahman14,Kemhan_RI
Kemhan_RI,OpickRahman14
yudirahman_____,prabowo
prabowo,yudirahman_____
AliaNugraini,ustadzmaaher_
ustadzmaaher_,AliaNugraini
Amin52455291,prabowo
prabowo,Amin52455291
MARQUEZ59454550,bangzul_88
dewoarif,_______B1G__k4y
_______B1G__k4y,dewoarif
SumiyatiHayati,Gerindra
Gerindra,SumiyatiHayati
Hikmat81348861,JKDaulay
RaharjaSinulin1,zigit_rahadi
zigit_rahadi,RaharjaSinulin1
agas_putu,prabowo
prabowo,agas_putu
KomengMc,AULIA13912964
AULIA13912964,KomengMc
KLangit78,prabowo
prabowo,KLangit78
AgungPr80200821,DheaMerlinda
WSusmono90,ridlwandjogja
ridlwandjogja,WSusmono90
irmas_suryani,riberu_ade2
non_dungu,Prabowo
Prabowo,non_dungu
HD_hadirochman,AULIA13912964
AULIA13912964,HD_hadirochman
h2obodywork,sandiuno
sandiuno,h2obodywork
AnisMariaUlfa4,AULIA13912964
AULIA13912964,AnisMariaUlfa4
JokSusi2019,mozad_zaenal
alpariamany,prabowo
prabowo,alpariamany
JokSusi2019,jokowi
jokowi,JokSusi2019
mozad_zaenal,JKDaulay
SharinaYunus,Kemhan_RI
Kemhan_RI,SharinaYunus
Sitimar60762429,prabowo
prabowo,Sitimar60762429
RahmanDoddy,Prabowo
Prabowo,RahmanDoddy
yuliananto_,JKDaulay
AfriliantoRifky,Gerindra
Gerindra,AfriliantoRifky
widatiwinda77,Gerindra
Gerindra,widatiwinda77
sitikomariah11,prabowo
prabowo,sitikomariah11
Deddy1379,JKDaulay
Ipinmuach,JKDaulay
WidatiWinna,EdoDodo4
EdoDodo4,WidatiWinna
Nur_A90,Gerindra
Gerindra,Nur_A90
relawanperak2,kumparan
ronalchandra2,haidar_arsyad
taufik41pikjun,verina_danniss
GoTotheJek,JKDaulay
andhiaa,JKDaulay
TetapPancasila,Gerindra
Gerindra,TetapPancasila
DjogjaMizan,BuuloloArianto
BuuloloArianto,DjogjaMizan
sedycemontalung,Gerindra
Gerindra,sedycemontalung
NuryadiWijaya3,JKDaulay
Man42Christ,DheaMerlinda
semogaistiqoma,CintaNKRI08
CintaNKRI08,semogaistiqoma
Lores27035865,NongNayara
NongNayara,Lores27035865
cecephendrai,kumparan
Sandy_Areza30,prabowo
prabowo,Sandy_Areza30
mdkoir,YayangTika8
YayangTika8,mdkoir
purirohermawan,OPOS1S1
OPOS1S1,purirohermawan
Partai_Gerindra,ifalatas
ifalatas,Partai_Gerindra
ErikRidzki,RadityaVerdiya1
NKRIndonesia79,kumparan
verina_danniss,Kemhan_RI
Kemhan_RI,verina_danniss
SaPapuaSaNKRI,armenr77
erita_ms,prabowo
prabowo,erita_ms
SangaLintang,Gerindra
Gerindra,SangaLintang
Bambang32498237,Gerindra
Gerindra,Bambang32498237
conan_idn,prabowo 
prabowo ,conan_idn
NovemberCeria5,prabowo
AchmadyaniAy70,Gerindra
BilhaCarlise,CintaNKRI08
muhammad_lut943,Gerindra
JojoNurJoko,Prabowo
VipiOctaviani,jokowi
mnsurbakti,EnggalPMT
BlytheZeny,prabowo
kumparan,OPOS1S1
ponkiponk,BuednextRama
HandiHamzah3,JKDaulay
ragilsaputra645,bangzul_88
Gadgetyotta,Kemhan_RI
hen_p_astoro,Prabowo
ariefps999,Gerindra
Pejuangreforma3,prabowo
RadityaVerdiya1,soeyoto1
haidar_arsyad,Kemhan_RI
goodgurlmyb,JKDaulay
Bambang97476199,prabowo
arrlee5,JKDaulay
carolinaputeri,Prabowo
Prabowo,carolinaputeri
BudiSintoro,budimandjatmiko
budimandjatmiko,BudiSintoro
cebinakal,Gerindra
Gerindra,cebinakal
andry_pribady,fawzical
fawzical,andry_pribady
yudirahman_____,prabowo
prabowo,yudirahman_____
armenr77,CintaNKRI08
CintaNKRI08,armenr77
Ummuatiya2,Zulkifllubis71
Zulkifllubis71,Ummuatiya2
DianaHusein6,OPOS1S1
OPOS1S1,DianaHusein6
MISFALAH31,Gerindra
Gerindra,MISFALAH31
tia07949017,CahGunu66995475
CahGunu66995475,tia07949017
JokoWiyanto12,prabowo
prabowo,JokoWiyanto12
TopToross,DheaMerlinda
jarot99,Kemhan_RI
Kemhan_RI,jarot99
SudionoTambun,JKDaulay
BenyHayati,Prabowo
Prabowo,BenyHayati
LastNightt13,prabowo b
prabowo b,LastNightt13
c3ef4303e6d3462,GrandisJavaSia
PhinaSyara,JKDaulay
VernandaWijaya,JKDaulay
RenaldiFicky,JKDaulay
Joe41563488,YanindaAtiastu1
SetyaIwan93271,susipudjiastuti
susipudjiastuti,SetyaIwan93271
AEPishere,NongNayara
NongNayara,AEPishere
jatayu39290613,Prabowo
Prabowo,jatayu39290613
MaharaniShara,omiban
omiban,MaharaniShara
joelpote,prabowo
prabowo,joelpote
YanindaAtiastu1,conan_idn
conan_idn,YanindaAtiastu1
Pejuang_Langit,Prabowo
Prabowo,Pejuang_Langit
HappyMarlynda,Gerindra
Gerindra,HappyMarlynda
Spectator210,mohmahfudmd
mohmahfudmd,Spectator210
DianAprilliani5,prabowo
prabowo,DianAprilliani5
saifulbalitar,prabowo
prabowo,saifulbalitar
rofiuzzaman3,OPOS1S1
OPOS1S1,rofiuzzaman3
semproelz,DheaMerlinda
arina_yashinta,mulai slof prabowo
mulai slof prabowo,arina_yashinta
AchmadyaniAy70,prabowo
prabowo,AchmadyaniAy70
mr_anonim02,prabowo
prabowo,mr_anonim02
gupitakingkin,CintaNKRI08
CintaNKRI08,gupitakingkin
TerongU72356816,prabowo
prabowo,TerongU72356816
ngurahsaka,jokowi
jokowi,ngurahsaka
muhib_lover,Prabowo
Prabowo,muhib_lover
UJrreal,Kemhan_RI
Kemhan_RI,UJrreal
musatryawan,Gerindra
Gerindra,musatryawan
DebraArlin,Gerindra
Gerindra,DebraArlin
jeedy25,prabowo
prabowo,jeedy25
DheaMerlinda,Gerindra
Gerindra,DheaMerlinda
Rafi12377370015,JKDaulay
RanfikaD,Prabowo
Prabowo,RanfikaD
fadjarzcrackerz,JKDaulay
ind14coy,junregar30
junregar30,ind14coy
DianaLady81,JKDaulay
ifull_mild,Kemhan_RI
Kemhan_RI,ifull_mild
ArdiMahardhani,Gerindra
Gerindra,ArdiMahardhani
Luana0119411577,Fahrihamzah
RajaBatakMedan,JKDaulay
RajaBatakMedan,Prabowo
Prabowo,RajaBatakMedan
RajaBatakMedan,Baracuda1818
Baracuda1818,RajaBatakMedan
ZulianNR,JKDaulay
rudypanjaitan83,conan_idn
PradiwaRekky,JKDaulay
carlwes95194711,prabowo
prabowo,carlwes95194711
wahhabicc_jabar,prabowo
prabowo,wahhabicc_jabar
HusniMubarrok10,Kemhan_RI
Kemhan_RI,HusniMubarrok10
seruanhl,mas__piyuuu
mas__piyuuu,seruanhl
ApidanaW,nucare_lazisnu
nucare_lazisnu,ApidanaW
TofaGarisLurus,NongNayara
NongNayara,TofaGarisLurus
jabarnewss,Prabowo
Prabowo,jabarnewss
erick072,CintaNKRI08
CintaNKRI08,erick072
abuy1978,prabowo
prabowo,abuy1978
BagusJimmi,JKDaulay
Dhonny_DC,prabowo
prabowo,Dhonny_DC
FitriRetnani,prabowo
prabowo,FitriRetnani
ArofahRachmat,prabowo
prabowo,ArofahRachmat